{
	"credit": "Made with Blockbench",
	"texture_size": [8, 8],
	"textures": {
		"11": "everyxhotpot:block/hotpot_tomato_soup_part_0",
		"particle": "block/water_still"
	},
	"elements": [
		{
			"from": [12, -1.75, 2],
			"to": [14.4, 0.65, 3.5],
			"rotation": {"angle": -22.5, "axis": "z", "origin": [13.5, 0.25, 2.75]},
			"faces": {
				"north": {"uv": [0, 0, 6, 6], "texture": "#11"},
				"east": {"uv": [6, 0, 9, 6], "texture": "#11"},
				"south": {"uv": [0, 6, 6, 12], "texture": "#11"},
				"west": {"uv": [6, 6, 9, 12], "texture": "#11"},
				"up": {"uv": [16, 3, 10, 0], "texture": "#11"},
				"down": {"uv": [16, 4, 10, 7], "texture": "#11"}
			}
		},
		{
			"from": [11, -2, 11],
			"to": [12.5, 0.75, 13.75],
			"rotation": {"angle": 22.5, "axis": "z", "origin": [11.75, -0.5, 12.5]},
			"faces": {
				"north": {"uv": [6, 0, 9, 6], "texture": "#11"},
				"east": {"uv": [0, 6, 6, 12], "texture": "#11"},
				"south": {"uv": [6, 6, 9, 12], "texture": "#11"},
				"west": {"uv": [0, 0, 6, 6], "texture": "#11"},
				"up": {"uv": [16, 3, 10, 0], "rotation": 270, "texture": "#11"},
				"down": {"uv": [16, 4, 10, 7], "rotation": 90, "texture": "#11"}
			}
		},
		{
			"from": [1, -1.45, 3],
			"to": [2.5, 1.05, 5.5],
			"rotation": {"angle": -22.5, "axis": "x", "origin": [1.75, -0.25, 4.5]},
			"faces": {
				"north": {"uv": [6, 6, 9, 12], "texture": "#11"},
				"east": {"uv": [0, 0, 6, 6], "texture": "#11"},
				"south": {"uv": [6, 0, 9, 6], "texture": "#11"},
				"west": {"uv": [0, 6, 6, 12], "texture": "#11"},
				"up": {"uv": [16, 3, 10, 0], "rotation": 90, "texture": "#11"},
				"down": {"uv": [16, 4, 10, 7], "rotation": 270, "texture": "#11"}
			}
		}
	],
	"display": {
		"thirdperson_righthand": {
			"rotation": [75, 45, 0],
			"translation": [0, 2.5, 0],
			"scale": [0.375, 0.375, 0.375]
		},
		"thirdperson_lefthand": {
			"rotation": [75, 45, 0],
			"translation": [0, 2.5, 0],
			"scale": [0.375, 0.375, 0.375]
		},
		"firstperson_righthand": {
			"rotation": [0, 45, 0],
			"scale": [0.4, 0.4, 0.4]
		},
		"firstperson_lefthand": {
			"rotation": [0, 225, 0],
			"scale": [0.4, 0.4, 0.4]
		},
		"ground": {
			"translation": [0, 3, 0],
			"scale": [0.25, 0.25, 0.25]
		},
		"gui": {
			"rotation": [30, 225, 0],
			"scale": [0.625, 0.625, 0.625]
		},
		"fixed": {
			"scale": [0.5, 0.5, 0.5]
		}
	}
}