{
	"credit": "Made with Blockbench",
	"texture_size": [8, 8],
	"textures": {
		"11": "everyxhotpot:block/hotpot_tomato_soup_part_0",
		"particle": "block/water_still"
	},
	"elements": [
		{
			"from": [2.45, -1.25, 11.3],
			"to": [3.95, 1.15, 13.7],
			"rotation": {"angle": 22.5, "axis": "y", "origin": [3.2, -0.05, 12.5]},
			"faces": {
				"north": {"uv": [6, 6, 9, 12], "texture": "#11"},
				"east": {"uv": [0, 0, 6, 6], "texture": "#11"},
				"south": {"uv": [6, 0, 9, 6], "texture": "#11"},
				"west": {"uv": [0, 6, 6, 12], "texture": "#11"},
				"up": {"uv": [16, 3, 10, 0], "rotation": 90, "texture": "#11"},
				"down": {"uv": [16, 4, 10, 7], "rotation": 270, "texture": "#11"}
			}
		},
		{
			"from": [4, -0.5, 1],
			"to": [5.5, 1, 2.5],
			"rotation": {"angle": 0, "axis": "y", "origin": [4.75, 0.25, 1.75]},
			"faces": {
				"north": {"uv": [13, 13, 16, 16], "texture": "#11"},
				"east": {"uv": [5, 13, 8, 16], "texture": "#11"},
				"south": {"uv": [9, 13, 12, 16], "texture": "#11"},
				"west": {"uv": [13, 9, 16, 12], "texture": "#11"},
				"up": {"uv": [1, 13, 4, 16], "texture": "#11"},
				"down": {"uv": [9, 9, 12, 12], "texture": "#11"}
			}
		},
		{
			"from": [13, -0.5, 13],
			"to": [14.5, 1, 14.5],
			"rotation": {"angle": -22.5, "axis": "z", "origin": [13.75, 0.25, 13.75]},
			"faces": {
				"north": {"uv": [9, 13, 12, 16], "texture": "#11"},
				"east": {"uv": [13, 9, 16, 12], "texture": "#11"},
				"south": {"uv": [13, 13, 16, 16], "texture": "#11"},
				"west": {"uv": [5, 13, 8, 16], "texture": "#11"},
				"up": {"uv": [1, 13, 4, 16], "rotation": 180, "texture": "#11"},
				"down": {"uv": [9, 9, 12, 12], "rotation": 180, "texture": "#11"}
			}
		},
		{
			"from": [13, -0.5, 5],
			"to": [14.5, 1, 6.5],
			"rotation": {"angle": -22.5, "axis": "y", "origin": [13.75, 0.25, 5.75]},
			"faces": {
				"north": {"uv": [13, 13, 16, 16], "texture": "#11"},
				"east": {"uv": [5, 13, 8, 16], "texture": "#11"},
				"south": {"uv": [9, 13, 12, 16], "texture": "#11"},
				"west": {"uv": [13, 9, 16, 12], "texture": "#11"},
				"up": {"uv": [1, 13, 4, 16], "texture": "#11"},
				"down": {"uv": [9, 9, 12, 12], "texture": "#11"}
			}
		}
	],
	"display": {
		"thirdperson_righthand": {
			"rotation": [75, 45, 0],
			"translation": [0, 2.5, 0],
			"scale": [0.375, 0.375, 0.375]
		},
		"thirdperson_lefthand": {
			"rotation": [75, 45, 0],
			"translation": [0, 2.5, 0],
			"scale": [0.375, 0.375, 0.375]
		},
		"firstperson_righthand": {
			"rotation": [0, 45, 0],
			"scale": [0.4, 0.4, 0.4]
		},
		"firstperson_lefthand": {
			"rotation": [0, 225, 0],
			"scale": [0.4, 0.4, 0.4]
		},
		"ground": {
			"translation": [0, 3, 0],
			"scale": [0.25, 0.25, 0.25]
		},
		"gui": {
			"rotation": [30, 225, 0],
			"scale": [0.625, 0.625, 0.625]
		},
		"fixed": {
			"scale": [0.5, 0.5, 0.5]
		}
	}
}