{
	"credit": "Made with Blockbench",
	"render_type": "minecraft_translucent",
	"texture_size": [32, 32],
	"textures": {
		"0": "everyxhotpot:item/hotpot_spice_pack",
		"particle": "everyxhotpot:item/hotpot_spice_pack"
	},
	"elements": [
		{
			"from": [4, 2, 6],
			"to": [12, 8, 10],
			"rotation": {"angle": 0, "axis": "y", "origin": [0, 2, 0]},
			"faces": {
				"north": {"uv": [0, 0, 4, 3], "texture": "#0"},
				"east": {"uv": [4, 8, 6, 11], "texture": "#0"},
				"south": {"uv": [0, 3, 4, 6], "texture": "#0"},
				"west": {"uv": [8, 4, 10, 7], "texture": "#0"},
				"up": {"uv": [8, 2, 4, 0], "texture": "#0"},
				"down": {"uv": [8, 2, 4, 4], "texture": "#0"}
			}
		},
		{
			"from": [3.75, 10, 6.375],
			"to": [12.25, 11, 9.625],
			"rotation": {"angle": 0, "axis": "y", "origin": [0, 2, 0]},
			"faces": {
				"north": {"uv": [9.5, 7, 13.75, 7.5], "texture": "#0"},
				"east": {"uv": [7.5, 10, 9.25, 10.5], "texture": "#0"},
				"south": {"uv": [9.5, 7.5, 13.75, 8], "texture": "#0"},
				"west": {"uv": [9.5, 10, 11.25, 10.5], "texture": "#0"},
				"up": {"uv": [12.25, 1.75, 8, 0], "texture": "#0"},
				"down": {"uv": [12.25, 2, 8, 3.75], "texture": "#0"}
			}
		},
		{
			"from": [4, 8, 6],
			"to": [12, 12, 7],
			"rotation": {"angle": 22.5, "axis": "x", "origin": [8, 8, 6]},
			"faces": {
				"north": {"uv": [4, 4, 8, 6], "texture": "#0"},
				"east": {"uv": [6, 9.5, 6.5, 11.5], "texture": "#0"},
				"south": {"uv": [0, 6, 4, 8], "texture": "#0"},
				"west": {"uv": [6.5, 9.5, 7, 11.5], "texture": "#0"},
				"up": {"uv": [13.5, 8.5, 9.5, 8], "texture": "#0"},
				"down": {"uv": [4, 10, 0, 10.5], "texture": "#0"}
			}
		},
		{
			"from": [4, 8, 9],
			"to": [12, 12, 10],
			"rotation": {"angle": -22.5, "axis": "x", "origin": [8, 8, 10]},
			"faces": {
				"north": {"uv": [4, 6, 8, 8], "texture": "#0"},
				"east": {"uv": [7, 9.5, 7.5, 11.5], "texture": "#0"},
				"south": {"uv": [0, 8, 4, 10], "texture": "#0"},
				"west": {"uv": [10, 5, 10.5, 7], "texture": "#0"},
				"up": {"uv": [14, 4.5, 10, 4], "texture": "#0"},
				"down": {"uv": [14, 4.5, 10, 5], "texture": "#0"}
			}
		},
		{
			"from": [4, 8, 6.5],
			"to": [5, 11, 9.5],
			"rotation": {"angle": -22.5, "axis": "z", "origin": [4, 8, 8]},
			"faces": {
				"north": {"uv": [2, 10.5, 2.5, 12], "texture": "#0"},
				"east": {"uv": [7.5, 8.5, 9, 10], "texture": "#0"},
				"south": {"uv": [2.5, 10.5, 3, 12], "texture": "#0"},
				"west": {"uv": [9, 8.5, 10.5, 10], "texture": "#0"},
				"up": {"uv": [3.5, 12, 3, 10.5], "texture": "#0"},
				"down": {"uv": [4, 10.5, 3.5, 12], "texture": "#0"}
			}
		},
		{
			"from": [11, 8, 6.5],
			"to": [12, 11, 9.5],
			"rotation": {"angle": 22.5, "axis": "z", "origin": [12, 8, 8]},
			"faces": {
				"north": {"uv": [0, 10.5, 0.5, 12], "texture": "#0"},
				"east": {"uv": [6, 8, 7.5, 9.5], "texture": "#0"},
				"south": {"uv": [0.5, 10.5, 1, 12], "texture": "#0"},
				"west": {"uv": [8, 7, 9.5, 8.5], "texture": "#0"},
				"up": {"uv": [1.5, 12, 1, 10.5], "texture": "#0"},
				"down": {"uv": [2, 10.5, 1.5, 12], "texture": "#0"}
			}
		}
	]
}