{
	"credit": "Made with Blockbench",
	"texture_size": [64, 64],
	"textures": {
		"0": "everyxhotpot:block/hotpot_plate",
		"particle": "everyxhotpot:block/hotpot_plate"
	},
	"elements": [
		{
			"from": [5, 0, 5],
			"to": [11, 1, 11],
			"rotation": {"angle": 0, "axis": "y", "origin": [0, 0, 4]},
			"faces": {
				"north": {"uv": [2, 5.25, 3.5, 5.5], "texture": "#0"},
				"east": {"uv": [4, 0.5, 7.5, 0.75], "texture": "#0"},
				"south": {"uv": [3.5, 5.25, 5, 5.5], "texture": "#0"},
				"west": {"uv": [4, 0.75, 7.5, 1], "texture": "#0"},
				"up": {"uv": [1.5, 3.5, 0, 2], "texture": "#0"},
				"down": {"uv": [3, 2, 1.5, 3.5], "texture": "#0"}
			}
		},
		{
			"from": [11, 0, 5],
			"to": [12.5, 1, 11],
			"rotation": {"angle": 45, "axis": "z", "origin": [11, 0, 12]},
			"faces": {
				"north": {"uv": [5, 5.25, 5.5, 5.5], "texture": "#0"},
				"east": {"uv": [4, 1, 5.5, 1.25], "texture": "#0"},
				"south": {"uv": [2, 5.5, 2.5, 5.75], "texture": "#0"},
				"west": {"uv": [4, 1.25, 5.5, 1.5], "texture": "#0"},
				"up": {"uv": [3.5, 3.5, 3, 2], "texture": "#0"},
				"down": {"uv": [0.5, 5.5, 0, 7], "texture": "#0"}
			}
		},
		{
			"from": [3.5, 0, 5],
			"to": [5, 1, 11],
			"rotation": {"angle": -45, "axis": "z", "origin": [5, 0, 12]},
			"faces": {
				"north": {"uv": [5.5, 2, 6, 2.25], "texture": "#0"},
				"east": {"uv": [4, 1.5, 5.5, 1.75], "texture": "#0"},
				"south": {"uv": [5.5, 2.25, 6, 2.5], "texture": "#0"},
				"west": {"uv": [4, 1.75, 5.5, 2], "texture": "#0"},
				"up": {"uv": [4, 3.5, 3.5, 2], "texture": "#0"},
				"down": {"uv": [1, 5.5, 0.5, 7], "texture": "#0"}
			}
		},
		{
			"from": [5, 0, 3.5],
			"to": [11, 1, 5],
			"rotation": {"angle": 45, "axis": "x", "origin": [8, 0, 5]},
			"faces": {
				"north": {"uv": [5.25, 3.5, 6.75, 3.75], "texture": "#0"},
				"east": {"uv": [2.5, 5.5, 3, 5.75], "texture": "#0"},
				"south": {"uv": [5.25, 3.75, 6.75, 4], "texture": "#0"},
				"west": {"uv": [5.5, 2.5, 6, 2.75], "texture": "#0"},
				"up": {"uv": [3.5, 4.5, 2, 4], "texture": "#0"},
				"down": {"uv": [5.5, 2, 4, 2.5], "texture": "#0"}
			}
		},
		{
			"from": [5, 0, 11],
			"to": [11, 1, 12.5],
			"rotation": {"angle": -45, "axis": "x", "origin": [8, 0, 11]},
			"faces": {
				"north": {"uv": [5.25, 4, 6.75, 4.25], "texture": "#0"},
				"east": {"uv": [5.5, 2.75, 6, 3], "texture": "#0"},
				"south": {"uv": [5.25, 4.25, 6.75, 4.5], "texture": "#0"},
				"west": {"uv": [3, 5.5, 3.5, 5.75], "texture": "#0"},
				"up": {"uv": [5.5, 3, 4, 2.5], "texture": "#0"},
				"down": {"uv": [5.5, 3, 4, 3.5], "texture": "#0"}
			}
		},
		{
			"from": [11.25, 1, 3.75],
			"to": [12.25, 2, 12.25],
			"rotation": {"angle": 0, "axis": "y", "origin": [0, 0, 4]},
			"faces": {
				"north": {"uv": [5.5, 3, 5.75, 3.25], "texture": "#0"},
				"east": {"uv": [3, 3.5, 5.25, 3.75], "texture": "#0"},
				"south": {"uv": [5.5, 3.25, 5.75, 3.5], "texture": "#0"},
				"west": {"uv": [1, 3.75, 3.25, 4], "texture": "#0"},
				"up": {"uv": [1.25, 8.25, 1, 6], "texture": "#0"},
				"down": {"uv": [1.5, 4, 1.25, 6.25], "texture": "#0"}
			}
		},
		{
			"from": [3.75, 1, 3.75],
			"to": [4.75, 2, 12.25],
			"rotation": {"angle": 0, "axis": "y", "origin": [0, 0, 4]},
			"faces": {
				"north": {"uv": [3.5, 5.5, 3.75, 5.75], "texture": "#0"},
				"east": {"uv": [6, 0, 8.25, 0.25], "texture": "#0"},
				"south": {"uv": [3.75, 5.5, 4, 5.75], "texture": "#0"},
				"west": {"uv": [4, 0.25, 6.25, 0.5], "texture": "#0"},
				"up": {"uv": [1.75, 8.25, 1.5, 6], "texture": "#0"},
				"down": {"uv": [2, 4, 1.75, 6.25], "texture": "#0"}
			}
		},
		{
			"from": [4.75, 1, 3.75],
			"to": [11.25, 2, 4.75],
			"rotation": {"angle": 0, "axis": "y", "origin": [0, 0, 4]},
			"faces": {
				"north": {"uv": [3.5, 4, 5.25, 4.25], "texture": "#0"},
				"east": {"uv": [4, 5.5, 4.25, 5.75], "texture": "#0"},
				"south": {"uv": [3.5, 4.25, 5.25, 4.5], "texture": "#0"},
				"west": {"uv": [4.25, 5.5, 4.5, 5.75], "texture": "#0"},
				"up": {"uv": [3.75, 4.75, 2, 4.5], "texture": "#0"},
				"down": {"uv": [5.5, 4.5, 3.75, 4.75], "texture": "#0"}
			}
		},
		{
			"from": [4.75, 1, 11.25],
			"to": [11.25, 2, 12.25],
			"rotation": {"angle": 0, "axis": "y", "origin": [0, 0, 4]},
			"faces": {
				"north": {"uv": [2, 4.75, 3.75, 5], "texture": "#0"},
				"east": {"uv": [4.5, 5.5, 4.75, 5.75], "texture": "#0"},
				"south": {"uv": [3.75, 4.75, 5.5, 5], "texture": "#0"},
				"west": {"uv": [5.5, 4.5, 5.75, 4.75], "texture": "#0"},
				"up": {"uv": [3.75, 5.25, 2, 5], "texture": "#0"},
				"down": {"uv": [5.5, 5, 3.75, 5.25], "texture": "#0"}
			}
		}
	],
	"gui_light": "front",
	"display": {
		"thirdperson_righthand": {
			"rotation": [75, 45, 0],
			"translation": [0, 2.5, 2.75],
			"scale": [0.375, 0.375, 0.375]
		},
		"thirdperson_lefthand": {
			"rotation": [75, 45, 0],
			"translation": [0, 2.5, 2.75],
			"scale": [0.375, 0.375, 0.375]
		},
		"firstperson_righthand": {
			"rotation": [0, 45, 0],
			"translation": [0, 3.5, 0],
			"scale": [0.4, 0.4, 0.4]
		},
		"firstperson_lefthand": {
			"rotation": [0, 225, 0],
			"translation": [0, 3.5, 0],
			"scale": [0.4, 0.4, 0.4]
		},
		"ground": {
			"translation": [0, 3, 0],
			"scale": [0.25, 0.25, 0.25]
		},
		"gui": {
			"rotation": [30, 225, 0],
			"scale": [0.625, 0.625, 0.625]
		},
		"head": {
			"translation": [0, 14, 0]
		},
		"fixed": {
			"scale": [0.5, 0.5, 0.5]
		}
	}
}