{
	"credit": "Made with Blockbench",
	"texture_size": [32, 32],
	"textures": {
		"0": "everyxhotpot:item/hotpot_chopstick",
		"particle": "everyxhotpot:item/hotpot_chopstick"
	},
	"elements": [
		{
			"name": "chopstick_1",
			"from": [6.5, 0, 7.5],
			"to": [7.5, 24, 8.5],
			"faces": {
				"north": {"uv": [0, 0, 0.5, 12], "texture": "#0"},
				"east": {"uv": [0.5, 0, 1, 12], "texture": "#0"},
				"south": {"uv": [1, 0, 1.5, 12], "texture": "#0"},
				"west": {"uv": [1.5, 0, 2, 12], "texture": "#0"},
				"up": {"uv": [4.5, 0.5, 4, 0], "texture": "#0"},
				"down": {"uv": [4.5, 0.5, 4, 1], "texture": "#0"}
			}
		},
		{
			"name": "chopstick_2",
			"from": [8.5, 0, 7.5],
			"to": [9.5, 24, 8.5],
			"faces": {
				"north": {"uv": [2, 0, 2.5, 12], "texture": "#0"},
				"east": {"uv": [2.5, 0, 3, 12], "texture": "#0"},
				"south": {"uv": [3, 0, 3.5, 12], "texture": "#0"},
				"west": {"uv": [3.5, 0, 4, 12], "texture": "#0"},
				"up": {"uv": [4.5, 1.5, 4, 1], "texture": "#0"},
				"down": {"uv": [4.5, 1.5, 4, 2], "texture": "#0"}
			}
		}
	]
}