{
	"credit": "Made with Blockbench",
	"textures": {
		"0": "everyxhotpot:block/hotpot_chopstick_stand",
		"particle": "everyxhotpot:block/hotpot_chopstick_stand"
	},
	"elements": [
		{
			"from": [-2, 1, 1],
			"to": [2, 2, 3],
			"rotation": {"angle": 0, "axis": "y", "origin": [0, 0, 5]},
			"faces": {
				"north": {"uv": [0, 4, 4, 5], "texture": "#0"},
				"east": {"uv": [0, 7, 2, 8], "texture": "#0"},
				"south": {"uv": [4, 0, 8, 1], "texture": "#0"},
				"west": {"uv": [2, 7, 4, 8], "texture": "#0"},
				"up": {"uv": [4, 2, 0, 0], "texture": "#0"},
				"down": {"uv": [4, 2, 0, 4], "texture": "#0"}
			}
		},
		{
			"from": [2, 0, 1],
			"to": [3, 2, 3],
			"rotation": {"angle": 0, "axis": "y", "origin": [2.75, 1.5, 2]},
			"faces": {
				"north": {"uv": [4, 7, 5, 9], "texture": "#0"},
				"east": {"uv": [4, 1, 6, 3], "texture": "#0"},
				"south": {"uv": [5, 7, 6, 9], "texture": "#0"},
				"west": {"uv": [4, 3, 6, 5], "texture": "#0"},
				"up": {"uv": [7, 9, 6, 7], "texture": "#0"},
				"down": {"uv": [8, 7, 7, 9], "texture": "#0"}
			}
		},
		{
			"from": [2, 2, 1.125],
			"to": [3, 3.5, 2.865],
			"rotation": {"angle": -22.5, "axis": "z", "origin": [2, 2, 2]},
			"faces": {
				"north": {"uv": [8, 2, 9, 3.5], "texture": "#0"},
				"east": {"uv": [4, 5, 5.5, 6.5], "texture": "#0"},
				"south": {"uv": [3, 8, 4, 9.5], "texture": "#0"},
				"west": {"uv": [6, 1, 7.5, 2.5], "texture": "#0"},
				"up": {"uv": [9, 5.5, 8, 4], "texture": "#0"},
				"down": {"uv": [9, 6, 8, 7.5], "texture": "#0"}
			}
		},
		{
			"from": [-3, 0, 1],
			"to": [-2, 2, 3],
			"rotation": {"angle": 0, "axis": "y", "origin": [-2.75, 1.5, 2]},
			"faces": {
				"north": {"uv": [0, 8, 1, 10], "texture": "#0"},
				"east": {"uv": [0, 5, 2, 7], "texture": "#0"},
				"south": {"uv": [8, 0, 9, 2], "texture": "#0"},
				"west": {"uv": [2, 5, 4, 7], "texture": "#0"},
				"up": {"uv": [2, 10, 1, 8], "texture": "#0"},
				"down": {"uv": [3, 8, 2, 10], "texture": "#0"}
			}
		},
		{
			"from": [-3, 2, 1.125],
			"to": [-2, 3.5, 2.865],
			"rotation": {"angle": 22.5, "axis": "z", "origin": [-2, 2, 2]},
			"faces": {
				"north": {"uv": [8, 8, 9, 9.5], "texture": "#0"},
				"east": {"uv": [6, 3, 7.5, 4.5], "texture": "#0"},
				"south": {"uv": [9, 0, 10, 1.5], "texture": "#0"},
				"west": {"uv": [6, 5, 7.5, 6.5], "texture": "#0"},
				"up": {"uv": [10, 3.5, 9, 2], "texture": "#0"},
				"down": {"uv": [5, 9, 4, 10.5], "texture": "#0"}
			}
		}
	]
}