{
	"credit": "Made with Blockbench",
	"texture_size": [32, 32],
	"textures": {
		"2": "everyxhotpot:block/hotpot_part_2",
		"3": "everyxhotpot:block/hotpot_part_3",
		"particle": "block/water_still"
	},
	"elements": [
		{
			"name": "corner_2_ne",
			"from": [15, 11, 0],
			"to": [16, 18, 1],
			"faces": {
				"north": {"uv": [1.25, 7.5, 1.5, 9.25], "texture": "#2"},
				"east": {"uv": [3.5, 3.5, 3.75, 5.25], "texture": "#2"},
				"south": {"uv": [1.5, 7.5, 1.75, 9.25], "texture": "#2"},
				"west": {"uv": [3.75, 0, 4, 1.75], "texture": "#2"},
				"up": {"uv": [0.75, 10.75, 0.5, 10.5], "texture": "#2"},
				"down": {"uv": [1, 7, 0.75, 7.25], "texture": "#2"}
			}
		},
		{
			"name": "corner_ne",
			"from": [16, 17.8, -0.5],
			"to": [16.5, 18.3, 0],
			"faces": {
				"north": {"uv": [5, 6, 5.25, 6.25], "texture": "#3"},
				"east": {"uv": [9, 5, 9.25, 5.25], "texture": "#3"},
				"south": {"uv": [5.5, 6, 5.75, 6.25], "texture": "#3"},
				"west": {"uv": [1, 5.5, 1.25, 5.75], "texture": "#3"},
				"up": {"uv": [1.25, 14.25, 1, 14], "texture": "#3"},
				"down": {"uv": [1.75, 6, 1.5, 6.25], "texture": "#3"}
			}
		}
	],
	"display": {
		"thirdperson_righthand": {
			"rotation": [75, 45, 0],
			"translation": [0, 2.5, 0],
			"scale": [0.375, 0.375, 0.375]
		},
		"thirdperson_lefthand": {
			"rotation": [75, 45, 0],
			"translation": [0, 2.5, 0],
			"scale": [0.375, 0.375, 0.375]
		},
		"firstperson_righthand": {
			"rotation": [0, 45, 0],
			"scale": [0.4, 0.4, 0.4]
		},
		"firstperson_lefthand": {
			"rotation": [0, 225, 0],
			"scale": [0.4, 0.4, 0.4]
		},
		"ground": {
			"translation": [0, -1, 0],
			"scale": [0.25, 0.25, 0.25]
		},
		"gui": {
			"rotation": [30, 225, 0],
			"translation": [0, -4, 0],
			"scale": [0.625, 0.625, 0.625]
		},
		"head": {
			"translation": [0, 6, 0]
		},
		"fixed": {
			"translation": [0, -4, 0],
			"scale": [0.5, 0.5, 0.5]
		}
	},
	"groups": [
		{
			"name": "hotpot_part_2",
			"origin": [0, 0, 0],
			"color": 0,
			"children": [0]
		},
		{
			"name": "hotpot_part_3",
			"origin": [0, 0, 0],
			"color": 0,
			"children": [1]
		}
	]
}