{
	"credit": "Made with Blockbench",
	"texture_size": [32, 32],
	"textures": {
		"10": "everyxhotpot:block/hotpot_part_1_expand",
		"particle": "block/water_still"
	},
	"elements": [
		{
			"name": "corner_sw_up",
			"from": [0, 9, 15],
			"to": [1, 11, 16],
			"faces": {
				"north": {"uv": [2, 6, 2.5, 7], "texture": "#10"},
				"east": {"uv": [2.5, 6, 3, 7], "texture": "#10"},
				"south": {"uv": [3, 6, 3.5, 7], "texture": "#10"},
				"west": {"uv": [3.5, 6, 4, 7], "texture": "#10"},
				"up": {"uv": [5, 7.5, 4.5, 7], "texture": "#10"},
				"down": {"uv": [5.5, 7, 5, 7.5], "texture": "#10"}
			}
		}
	],
	"display": {
		"thirdperson_righthand": {
			"rotation": [75, 45, 0],
			"translation": [0, 2.5, 0],
			"scale": [0.375, 0.375, 0.375]
		},
		"thirdperson_lefthand": {
			"rotation": [75, 45, 0],
			"translation": [0, 2.5, 0],
			"scale": [0.375, 0.375, 0.375]
		},
		"firstperson_righthand": {
			"rotation": [0, 45, 0],
			"scale": [0.4, 0.4, 0.4]
		},
		"firstperson_lefthand": {
			"rotation": [0, 225, 0],
			"scale": [0.4, 0.4, 0.4]
		},
		"ground": {
			"translation": [0, -1, 0],
			"scale": [0.25, 0.25, 0.25]
		},
		"gui": {
			"rotation": [30, 225, 0],
			"translation": [0, -4, 0],
			"scale": [0.625, 0.625, 0.625]
		},
		"head": {
			"translation": [0, 6, 0]
		},
		"fixed": {
			"translation": [0, -4, 0],
			"scale": [0.5, 0.5, 0.5]
		}
	},
	"groups": [
		{
			"name": "hotpot_part_1",
			"origin": [0, 0, 0],
			"color": 0,
			"children": [0]
		}
	]
}