{
	"credit": "Made with Blockbench",
	"render_type": "minecraft:cutout",
	"texture_size": [32, 32],
	"textures": {
		"0": "everyxhotpot:block/hotpot_part_0",
		"4": "everyxhotpot:block/hotpot_part_4",
		"8": "block/campfire_fire",
		"13": "block/lava_still",
		"particle": "block/water_still"
	},
	"elements": [
		{
			"name": "hotpot_part_0",
			"from": [1, 8, 1],
			"to": [15, 9, 15],
			"faces": {
				"north": {"uv": [7, 0, 14, 0.5], "texture": "#0"},
				"east": {"uv": [7, 0.5, 14, 1], "texture": "#0"},
				"south": {"uv": [7, 1, 14, 1.5], "texture": "#0"},
				"west": {"uv": [7, 1.5, 14, 2], "texture": "#0"},
				"up": {"uv": [7, 7, 0, 0], "texture": "#0"},
				"down": {"uv": [7, 7, 0, 14], "texture": "#0"}
			}
		},
		{
			"from": [6, 9, 6],
			"to": [10, 19, 10],
			"faces": {
				"north": {"uv": [0, 0, 2, 5], "texture": "#4"},
				"east": {"uv": [2, 0, 4, 5], "texture": "#4"},
				"south": {"uv": [4, 0, 6, 5], "texture": "#4"},
				"west": {"uv": [0, 5, 2, 10], "texture": "#4"},
				"up": {"uv": [4, 7, 2, 5], "texture": "#4"},
				"down": {"uv": [6, 5, 4, 7], "texture": "#4"}
			}
		},
		{
			"from": [7, 19, 9],
			"to": [10, 20, 10],
			"faces": {
				"north": {"uv": [6, 0, 7.5, 0.5], "texture": "#4"},
				"east": {"uv": [6.5, 5.5, 7, 6], "texture": "#4"},
				"south": {"uv": [6, 0.5, 7.5, 1], "texture": "#4"},
				"west": {"uv": [2, 7, 2.5, 7.5], "texture": "#4"},
				"up": {"uv": [7.5, 1.5, 6, 1], "texture": "#4"},
				"down": {"uv": [7.5, 1.5, 6, 2], "texture": "#4"}
			}
		},
		{
			"from": [9, 19, 6],
			"to": [10, 20, 9],
			"faces": {
				"north": {"uv": [2.5, 7, 3, 7.5], "texture": "#4"},
				"east": {"uv": [6, 2, 7.5, 2.5], "texture": "#4"},
				"south": {"uv": [3, 7, 3.5, 7.5], "texture": "#4"},
				"west": {"uv": [6, 2.5, 7.5, 3], "texture": "#4"},
				"up": {"uv": [6.5, 4.5, 6, 3], "texture": "#4"},
				"down": {"uv": [6.5, 4.5, 6, 6], "texture": "#4"}
			}
		},
		{
			"from": [6, 19, 6],
			"to": [9, 20, 7],
			"faces": {
				"north": {"uv": [6, 6, 7.5, 6.5], "texture": "#4"},
				"east": {"uv": [3.5, 7, 4, 7.5], "texture": "#4"},
				"south": {"uv": [6.5, 3, 8, 3.5], "texture": "#4"},
				"west": {"uv": [4, 7, 4.5, 7.5], "texture": "#4"},
				"up": {"uv": [8, 4, 6.5, 3.5], "texture": "#4"},
				"down": {"uv": [8, 4, 6.5, 4.5], "texture": "#4"}
			}
		},
		{
			"from": [6, 19, 7],
			"to": [7, 20, 10],
			"faces": {
				"north": {"uv": [4.5, 7, 5, 7.5], "texture": "#4"},
				"east": {"uv": [6.5, 4.5, 8, 5], "texture": "#4"},
				"south": {"uv": [5, 7, 5.5, 7.5], "texture": "#4"},
				"west": {"uv": [6.5, 5, 8, 5.5], "texture": "#4"},
				"up": {"uv": [6.5, 8, 6, 6.5], "texture": "#4"},
				"down": {"uv": [7, 6.5, 6.5, 8], "texture": "#4"}
			}
		},
		{
			"from": [7, 19.5, 7],
			"to": [9, 19.5, 9],
			"faces": {
				"north": {"uv": [0, 16, 16, 0.0625], "texture": "#13"},
				"east": {"uv": [0, 16, 16, 0.0625], "texture": "#13"},
				"south": {"uv": [0, 16, 16, 0.0625], "texture": "#13"},
				"west": {"uv": [0, 16, 16, 0.0625], "texture": "#13"},
				"up": {"uv": [5, 5, 11, 11], "texture": "#13"},
				"down": {"uv": [0, 16, 16, 0.0625], "texture": "#13"}
			}
		},
		{
			"from": [0, 7.5, 8],
			"to": [16, 7.5, 16],
			"faces": {
				"north": {"uv": [0, 0, 4, 0], "texture": "#missing"},
				"east": {"uv": [0, 0, 4, 0], "texture": "#missing"},
				"south": {"uv": [0, 0, 4, 0], "texture": "#missing"},
				"west": {"uv": [0, 0, 4, 0], "texture": "#missing"},
				"up": {"uv": [0, 8, 16, 16], "rotation": 180, "texture": "#8"},
				"down": {"uv": [0, 8, 16, 16], "texture": "#8"}
			}
		},
		{
			"from": [0, 7.5, 0],
			"to": [16, 7.5, 8],
			"faces": {
				"north": {"uv": [0, 0, 4, 0], "texture": "#missing"},
				"east": {"uv": [0, 0, 4, 0], "texture": "#missing"},
				"south": {"uv": [0, 0, 4, 0], "texture": "#missing"},
				"west": {"uv": [0, 0, 4, 0], "texture": "#missing"},
				"up": {"uv": [0, 8, 16, 16], "texture": "#8"},
				"down": {"uv": [0, 8, 16, 16], "rotation": 180, "texture": "#8"}
			}
		},
		{
			"from": [8, 7.6, 0],
			"to": [16, 7.6, 16],
			"rotation": {"angle": 0, "axis": "y", "origin": [8, 7.5, 8]},
			"faces": {
				"north": {"uv": [0, 0, 4, 0], "texture": "#missing"},
				"east": {"uv": [0, 0, 4, 0], "texture": "#missing"},
				"south": {"uv": [0, 0, 4, 0], "texture": "#missing"},
				"west": {"uv": [0, 0, 4, 0], "texture": "#missing"},
				"up": {"uv": [0, 8, 16, 16], "rotation": 90, "texture": "#8"},
				"down": {"uv": [0, 8, 16, 16], "rotation": 90, "texture": "#8"}
			}
		},
		{
			"from": [0, 7.6, 0],
			"to": [8, 7.6, 16],
			"rotation": {"angle": 0, "axis": "y", "origin": [8, 7.5, 8]},
			"faces": {
				"north": {"uv": [0, 0, 4, 0], "texture": "#missing"},
				"east": {"uv": [0, 0, 4, 0], "texture": "#missing"},
				"south": {"uv": [0, 0, 4, 0], "texture": "#missing"},
				"west": {"uv": [0, 0, 4, 0], "texture": "#missing"},
				"up": {"uv": [0, 8, 16, 16], "rotation": 270, "texture": "#8"},
				"down": {"uv": [0, 8, 16, 16], "rotation": 270, "texture": "#8"}
			}
		}
	],
	"display": {
		"thirdperson_righthand": {
			"rotation": [75, 45, 0],
			"translation": [0, 2.5, 0],
			"scale": [0.375, 0.375, 0.375]
		},
		"thirdperson_lefthand": {
			"rotation": [75, 45, 0],
			"translation": [0, 2.5, 0],
			"scale": [0.375, 0.375, 0.375]
		},
		"firstperson_righthand": {
			"rotation": [0, 45, 0],
			"scale": [0.4, 0.4, 0.4]
		},
		"firstperson_lefthand": {
			"rotation": [0, 225, 0],
			"scale": [0.4, 0.4, 0.4]
		},
		"ground": {
			"translation": [0, -1, 0],
			"scale": [0.25, 0.25, 0.25]
		},
		"gui": {
			"rotation": [30, 225, 0],
			"translation": [0, -4, 0],
			"scale": [0.625, 0.625, 0.625]
		},
		"head": {
			"translation": [0, 6, 0]
		},
		"fixed": {
			"translation": [0, -4, 0],
			"scale": [0.5, 0.5, 0.5]
		}
	},
	"groups": [
		0,
		{
			"name": "hotpot_part_4",
			"origin": [0, 0, 0],
			"color": 0,
			"children": [1, 2, 3, 4, 5, 6]
		},
		{
			"name": "hotpot_part_6",
			"origin": [8, 8, 8],
			"color": 0,
			"children": [
				{
					"name": "hotpot_part_6_1",
					"origin": [0, 0, 0],
					"color": 0,
					"children": [
						{
							"name": "hotpot_part_6_1_1",
							"origin": [0, 0, 0],
							"color": 0,
							"children": [7, 8]
						}
					]
				},
				{
					"name": "hotpot_part_6_2",
					"origin": [8, 8, 8],
					"color": 0,
					"children": [
						{
							"name": "hotpot_6_2_1",
							"origin": [0, 0, 0],
							"color": 0,
							"children": [9, 10]
						}
					]
				}
			]
		}
	]
}