{
	"credit": "Made with Blockbench",
	"render_type": "minecraft:cutout",
	"texture_size": [32, 32],
	"textures": {
		"1": "everyxhotpot:block/hotpot_part_1",
		"2": "everyxhotpot:block/hotpot_part_2",
		"3": "everyxhotpot:block/hotpot_part_3",
		"5": "everyxhotpot:block/hotpot_part_5_1",
		"8": "block/campfire_fire",
		"particle": "block/water_still"
	},
	"elements": [
		{
			"name": "original_part_1_w",
			"from": [0, 9, 1],
			"to": [1, 11, 15],
			"faces": {
				"north": {"uv": [0.5, 8, 1, 9], "texture": "#1"},
				"east": {"uv": [0, 0, 7, 1], "texture": "#1"},
				"south": {"uv": [1, 8, 1.5, 9], "texture": "#1"},
				"west": {"uv": [0, 1, 7, 2], "texture": "#1"},
				"up": {"uv": [7.5, 7, 7, 0], "texture": "#1"},
				"down": {"uv": [7.5, 7, 7, 14], "texture": "#1"}
			}
		},
		{
			"name": "original_part_2_w",
			"from": [0, 11, 1],
			"to": [1, 18, 15],
			"faces": {
				"north": {"uv": [7.5, 0, 7.75, 1.75], "texture": "#2"},
				"east": {"uv": [0.25, 0, 3.75, 1.75], "texture": "#2"},
				"south": {"uv": [1, 7.5, 1.25, 9.25], "texture": "#2"},
				"west": {"uv": [0, 1.75, 3.5, 3.5], "texture": "#2"},
				"up": {"uv": [0.25, 10.75, 0, 7.25], "texture": "#2"},
				"down": {"uv": [0.5, 7.25, 0.25, 10.75], "texture": "#2"}
			}
		},
		{
			"from": [-2, 17, 6],
			"to": [0, 18, 7],
			"faces": {
				"north": {"uv": [0, 0, 4, 2], "texture": "#5"},
				"east": {"uv": [8, 4, 10, 6], "texture": "#5"},
				"south": {"uv": [0, 2, 4, 4], "texture": "#5"},
				"west": {"uv": [8, 6, 10, 8], "texture": "#5"},
				"up": {"uv": [4, 6, 0, 4], "texture": "#5"},
				"down": {"uv": [8, 0, 4, 2], "texture": "#5"}
			}
		},
		{
			"from": [-2, 17, 7],
			"to": [-1, 18, 9],
			"faces": {
				"north": {"uv": [8, 8, 10, 10], "texture": "#5"},
				"east": {"uv": [4, 2, 8, 4], "texture": "#5"},
				"south": {"uv": [0, 10, 2, 12], "texture": "#5"},
				"west": {"uv": [4, 4, 8, 6], "texture": "#5"},
				"up": {"uv": [2, 10, 0, 6], "texture": "#5"},
				"down": {"uv": [4, 6, 2, 10], "texture": "#5"}
			}
		},
		{
			"from": [-2, 17, 9],
			"to": [0, 18, 10],
			"faces": {
				"north": {"uv": [4, 6, 8, 8], "texture": "#5"},
				"east": {"uv": [2, 10, 4, 12], "texture": "#5"},
				"south": {"uv": [8, 0, 12, 2], "texture": "#5"},
				"west": {"uv": [4, 10, 6, 12], "texture": "#5"},
				"up": {"uv": [12, 4, 8, 2], "texture": "#5"},
				"down": {"uv": [8, 8, 4, 10], "texture": "#5"}
			}
		},
		{
			"name": "original_edge_w",
			"from": [-0.5, 17.8, 0],
			"to": [0, 18.3, 16],
			"faces": {
				"north": {"uv": [4, 6, 4.25, 6.25], "texture": "#3"},
				"east": {"uv": [0.25, 4, 8.25, 4.25], "texture": "#3"},
				"south": {"uv": [4.5, 6, 4.75, 6.25], "texture": "#3"},
				"west": {"uv": [0, 4.5, 8, 4.75], "texture": "#3"},
				"up": {"uv": [0.25, 13.25, 0, 5.25], "texture": "#3"},
				"down": {"uv": [0.75, 5.25, 0.5, 13.25], "texture": "#3"}
			}
		},
		{
			"from": [-1.5, 7.8, 0],
			"to": [-1.5, 15.8, 16],
			"rotation": {"angle": 22.5, "axis": "z", "origin": [0, 12, 8]},
			"faces": {
				"north": {"uv": [0, 0, 0, 4], "texture": "#missing"},
				"east": {"uv": [0, 0, 16, 8], "texture": "#8"},
				"south": {"uv": [0, 0, 0, 4], "texture": "#missing"},
				"west": {"uv": [0, 0, 16, 8], "texture": "#8"},
				"up": {"uv": [0, 0, 0, 4], "texture": "#missing"},
				"down": {"uv": [0, 0, 0, 4], "texture": "#missing"}
			}
		}
	],
	"display": {
		"thirdperson_righthand": {
			"rotation": [75, 45, 0],
			"translation": [0, 2.5, 0],
			"scale": [0.375, 0.375, 0.375]
		},
		"thirdperson_lefthand": {
			"rotation": [75, 45, 0],
			"translation": [0, 2.5, 0],
			"scale": [0.375, 0.375, 0.375]
		},
		"firstperson_righthand": {
			"rotation": [0, 45, 0],
			"scale": [0.4, 0.4, 0.4]
		},
		"firstperson_lefthand": {
			"rotation": [0, 225, 0],
			"scale": [0.4, 0.4, 0.4]
		},
		"ground": {
			"translation": [0, -1, 0],
			"scale": [0.25, 0.25, 0.25]
		},
		"gui": {
			"rotation": [30, 225, 0],
			"translation": [0, -4, 0],
			"scale": [0.625, 0.625, 0.625]
		},
		"head": {
			"translation": [0, 6, 0]
		},
		"fixed": {
			"translation": [0, -4, 0],
			"scale": [0.5, 0.5, 0.5]
		}
	},
	"groups": [
		{
			"name": "hotpot_part_1",
			"origin": [0, 0, 0],
			"color": 0,
			"children": [0]
		},
		{
			"name": "hotpot_part_2",
			"origin": [0, 0, 0],
			"color": 0,
			"children": [1]
		},
		{
			"name": "hotpot_part_5",
			"origin": [8, 8, 8],
			"color": 0,
			"children": [
				{
					"name": "hotpot_part_5_1",
					"origin": [0, 0, 0],
					"color": 0,
					"children": [2, 3, 4]
				}
			]
		},
		{
			"name": "hotpot_part_3",
			"origin": [0, 0, 0],
			"color": 0,
			"children": [5]
		},
		{
			"name": "hotpot_part_6",
			"origin": [8, 8, 8],
			"color": 0,
			"children": [
				{
					"name": "hotpot_part_6_2",
					"origin": [8, 8, 8],
					"color": 0,
					"children": [
						{
							"name": "hotpot_6_2_2",
							"origin": [16, 12, 8],
							"color": 0,
							"children": [6]
						}
					]
				}
			]
		}
	]
}