{
	"credit": "Made with Blockbench",
	"render_type": "minecraft:cutout",
	"texture_size": [32, 32],
	"textures": {
		"1": "everyxhotpot:block/hotpot_part_1",
		"2": "everyxhotpot:block/hotpot_part_2",
		"3": "everyxhotpot:block/hotpot_part_3",
		"6": "everyxhotpot:block/hotpot_part_5_2",
		"8": "block/campfire_fire",
		"particle": "block/water_still"
	},
	"elements": [
		{
			"name": "original_part_1_e",
			"from": [15, 9, 1],
			"to": [16, 11, 15],
			"faces": {
				"north": {"uv": [3, 8, 3.5, 9], "texture": "#1"},
				"east": {"uv": [0, 6, 7, 7], "texture": "#1"},
				"south": {"uv": [8, 3, 8.5, 4], "texture": "#1"},
				"west": {"uv": [0, 7, 7, 8], "texture": "#1"},
				"up": {"uv": [8, 9, 7.5, 2], "texture": "#1"},
				"down": {"uv": [0.5, 8, 0, 15], "texture": "#1"}
			}
		},
		{
			"name": "original_part_2_e",
			"from": [15, 11, 1],
			"to": [16, 18, 15],
			"faces": {
				"north": {"uv": [1.25, 7.5, 1.5, 9.25], "texture": "#2"},
				"east": {"uv": [0, 3.5, 3.5, 5.25], "texture": "#2"},
				"south": {"uv": [1.5, 7.5, 1.75, 9.25], "texture": "#2"},
				"west": {"uv": [4, 0, 7.5, 1.75], "texture": "#2"},
				"up": {"uv": [0.75, 10.5, 0.5, 7], "texture": "#2"},
				"down": {"uv": [1, 7.25, 0.75, 10.75], "texture": "#2"}
			}
		},
		{
			"from": [16, 17, 6],
			"to": [18, 18, 7],
			"faces": {
				"north": {"uv": [0, 0, 4, 2], "texture": "#6"},
				"east": {"uv": [8, 4, 10, 6], "texture": "#6"},
				"south": {"uv": [0, 2, 4, 4], "texture": "#6"},
				"west": {"uv": [8, 6, 10, 8], "texture": "#6"},
				"up": {"uv": [4, 6, 0, 4], "texture": "#6"},
				"down": {"uv": [8, 0, 4, 2], "texture": "#6"}
			}
		},
		{
			"from": [17, 17, 7],
			"to": [18, 18, 9],
			"faces": {
				"north": {"uv": [8, 8, 10, 10], "texture": "#6"},
				"east": {"uv": [4, 2, 8, 4], "texture": "#6"},
				"south": {"uv": [0, 10, 2, 12], "texture": "#6"},
				"west": {"uv": [4, 4, 8, 6], "texture": "#6"},
				"up": {"uv": [2, 10, 0, 6], "texture": "#6"},
				"down": {"uv": [4, 6, 2, 10], "texture": "#6"}
			}
		},
		{
			"from": [16, 17, 9],
			"to": [18, 18, 10],
			"faces": {
				"north": {"uv": [4, 6, 8, 8], "texture": "#6"},
				"east": {"uv": [2, 10, 4, 12], "texture": "#6"},
				"south": {"uv": [8, 0, 12, 2], "texture": "#6"},
				"west": {"uv": [4, 10, 6, 12], "texture": "#6"},
				"up": {"uv": [12, 4, 8, 2], "texture": "#6"},
				"down": {"uv": [8, 8, 4, 10], "texture": "#6"}
			}
		},
		{
			"name": "original_edge_e",
			"from": [16, 17.8, 0],
			"to": [16.5, 18.3, 16],
			"faces": {
				"north": {"uv": [5, 6, 5.25, 6.25], "texture": "#3"},
				"east": {"uv": [1, 5, 9, 5.25], "texture": "#3"},
				"south": {"uv": [5.5, 6, 5.75, 6.25], "texture": "#3"},
				"west": {"uv": [1.25, 5.5, 9.25, 5.75], "texture": "#3"},
				"up": {"uv": [1.25, 14, 1, 6], "texture": "#3"},
				"down": {"uv": [1.75, 6.25, 1.5, 14.25], "texture": "#3"}
			}
		},
		{
			"from": [17.5, 7.5, 0],
			"to": [17.5, 15.5, 16],
			"rotation": {"angle": -22.5, "axis": "z", "origin": [16, 12, 8]},
			"faces": {
				"north": {"uv": [0, 0, 0, 4], "texture": "#missing"},
				"east": {"uv": [0, 0, 16, 8], "texture": "#8"},
				"south": {"uv": [0, 0, 0, 4], "texture": "#missing"},
				"west": {"uv": [0, 0, 16, 8], "texture": "#8"},
				"up": {"uv": [0, 0, 0, 4], "texture": "#missing"},
				"down": {"uv": [0, 0, 0, 4], "texture": "#missing"}
			}
		}
	],
	"display": {
		"thirdperson_righthand": {
			"rotation": [75, 45, 0],
			"translation": [0, 2.5, 0],
			"scale": [0.375, 0.375, 0.375]
		},
		"thirdperson_lefthand": {
			"rotation": [75, 45, 0],
			"translation": [0, 2.5, 0],
			"scale": [0.375, 0.375, 0.375]
		},
		"firstperson_righthand": {
			"rotation": [0, 45, 0],
			"scale": [0.4, 0.4, 0.4]
		},
		"firstperson_lefthand": {
			"rotation": [0, 225, 0],
			"scale": [0.4, 0.4, 0.4]
		},
		"ground": {
			"translation": [0, -1, 0],
			"scale": [0.25, 0.25, 0.25]
		},
		"gui": {
			"rotation": [30, 225, 0],
			"translation": [0, -4, 0],
			"scale": [0.625, 0.625, 0.625]
		},
		"head": {
			"translation": [0, 6, 0]
		},
		"fixed": {
			"translation": [0, -4, 0],
			"scale": [0.5, 0.5, 0.5]
		}
	},
	"groups": [
		{
			"name": "hotpot_part_1",
			"origin": [0, 0, 0],
			"color": 0,
			"children": [0]
		},
		{
			"name": "hotpot_part_2",
			"origin": [0, 0, 0],
			"color": 0,
			"children": [1]
		},
		{
			"name": "hotpot_part_5",
			"origin": [8, 8, 8],
			"color": 0,
			"children": [
				{
					"name": "hotpot_part_5_2",
					"origin": [0, 0, 0],
					"color": 0,
					"children": [2, 3, 4]
				}
			]
		},
		{
			"name": "hotpot_part_3",
			"origin": [0, 0, 0],
			"color": 0,
			"children": [5]
		},
		{
			"name": "hotpot_part_6",
			"origin": [8, 8, 8],
			"color": 0,
			"children": [
				{
					"name": "hotpot_part_6_2",
					"origin": [8, 8, 8],
					"color": 0,
					"children": [
						{
							"name": "hotpot_6_2_2",
							"origin": [16, 12, 8],
							"color": 0,
							"children": [6]
						}
					]
				}
			]
		}
	]
}