{
	"credit": "Made with Blockbench",
	"texture_size": [32, 32],
	"textures": {
		"2": "everyxhotpot:block/hotpot_part_2",
		"3": "everyxhotpot:block/hotpot_part_3",
		"particle": "block/water_still"
	},
	"elements": [
		{
			"name": "corner_2_es",
			"from": [15, 11, 15],
			"to": [16, 18, 16],
			"faces": {
				"north": {"uv": [0, 5.25, 0.25, 7], "texture": "#2"},
				"east": {"uv": [2, 7.5, 2.25, 9.25], "texture": "#2"},
				"south": {"uv": [7.25, 5.25, 7.5, 7], "texture": "#2"},
				"west": {"uv": [2.25, 7.5, 2.5, 9.25], "texture": "#2"},
				"up": {"uv": [1.25, 7.5, 1, 7.25], "texture": "#2"},
				"down": {"uv": [8.5, 7.25, 8.25, 7.5], "texture": "#2"}
			}
		},
		{
			"name": "corner_es",
			"from": [16, 17.8, 16],
			"to": [16.5, 18.3, 16.5],
			"faces": {
				"north": {"uv": [0, 2, 0.25, 2.25], "texture": "#3"},
				"east": {"uv": [3, 6, 3.25, 6.25], "texture": "#3"},
				"south": {"uv": [8, 2.5, 8.25, 2.75], "texture": "#3"},
				"west": {"uv": [3.5, 6, 3.75, 6.25], "texture": "#3"},
				"up": {"uv": [0.25, 3.25, 0, 3], "texture": "#3"},
				"down": {"uv": [0.25, 3.5, 0, 3.75], "texture": "#3"}
			}
		}
	],
	"display": {
		"thirdperson_righthand": {
			"rotation": [75, 45, 0],
			"translation": [0, 2.5, 0],
			"scale": [0.375, 0.375, 0.375]
		},
		"thirdperson_lefthand": {
			"rotation": [75, 45, 0],
			"translation": [0, 2.5, 0],
			"scale": [0.375, 0.375, 0.375]
		},
		"firstperson_righthand": {
			"rotation": [0, 45, 0],
			"scale": [0.4, 0.4, 0.4]
		},
		"firstperson_lefthand": {
			"rotation": [0, 225, 0],
			"scale": [0.4, 0.4, 0.4]
		},
		"ground": {
			"translation": [0, -1, 0],
			"scale": [0.25, 0.25, 0.25]
		},
		"gui": {
			"rotation": [30, 225, 0],
			"translation": [0, -4, 0],
			"scale": [0.625, 0.625, 0.625]
		},
		"head": {
			"translation": [0, 6, 0]
		},
		"fixed": {
			"translation": [0, -4, 0],
			"scale": [0.5, 0.5, 0.5]
		}
	},
	"groups": [
		{
			"name": "hotpot_part_2",
			"origin": [0, 0, 0],
			"color": 0,
			"children": [0]
		},
		{
			"name": "hotpot_part_3",
			"origin": [0, 0, 0],
			"color": 0,
			"children": [1]
		}
	]
}