{
	"credit": "Made with Blockbench",
	"texture_size": [64, 64],
	"textures": {
		"0": "everyxhotpot:block/hotpot_plate",
		"particle": "everyxhotpot:block/hotpot_plate"
	},
	"elements": [
		{
			"from": [-3, 0, -7],
			"to": [3, 1, 7],
			"rotation": {"angle": 0, "axis": "y", "origin": [-8, 0, -5]},
			"faces": {
				"north": {"uv": [2, 5.25, 3.5, 5.5], "texture": "#0"},
				"east": {"uv": [4, 0.5, 7.5, 0.75], "texture": "#0"},
				"south": {"uv": [3.5, 5.25, 5, 5.5], "texture": "#0"},
				"west": {"uv": [4, 0.75, 7.5, 1], "texture": "#0"},
				"up": {"uv": [1.5, 3.5, 0, 0], "texture": "#0"},
				"down": {"uv": [3, 0, 1.5, 3.5], "texture": "#0"}
			}
		},
		{
			"from": [3, 0, -7],
			"to": [4.5, 1, 7],
			"rotation": {"angle": 45, "axis": "z", "origin": [3, 0, 3]},
			"faces": {
				"north": {"uv": [5, 5.25, 5.5, 5.5], "texture": "#0"},
				"east": {"uv": [4, 1, 7.5, 1.25], "texture": "#0"},
				"south": {"uv": [2, 5.5, 2.5, 5.75], "texture": "#0"},
				"west": {"uv": [4, 1.25, 7.5, 1.5], "texture": "#0"},
				"up": {"uv": [3.5, 3.5, 3, 0], "texture": "#0"},
				"down": {"uv": [0.5, 3.5, 0, 7], "texture": "#0"}
			}
		},
		{
			"from": [-4.5, 0, -7],
			"to": [-3, 1, 7],
			"rotation": {"angle": -45, "axis": "z", "origin": [-3, 0, 3]},
			"faces": {
				"north": {"uv": [5.5, 2, 6, 2.25], "texture": "#0"},
				"east": {"uv": [4, 1.5, 7.5, 1.75], "texture": "#0"},
				"south": {"uv": [5.5, 2.25, 6, 2.5], "texture": "#0"},
				"west": {"uv": [4, 1.75, 7.5, 2], "texture": "#0"},
				"up": {"uv": [4, 3.5, 3.5, 0], "texture": "#0"},
				"down": {"uv": [1, 3.5, 0.5, 7], "texture": "#0"}
			}
		},
		{
			"from": [-3, 0, -8.5],
			"to": [3, 1, -7],
			"rotation": {"angle": 45, "axis": "x", "origin": [0, 0, -7]},
			"faces": {
				"north": {"uv": [5.25, 3.5, 6.75, 3.75], "texture": "#0"},
				"east": {"uv": [2.5, 5.5, 3, 5.75], "texture": "#0"},
				"south": {"uv": [5.25, 3.75, 6.75, 4], "texture": "#0"},
				"west": {"uv": [5.5, 2.5, 6, 2.75], "texture": "#0"},
				"up": {"uv": [3.5, 4.5, 2, 4], "texture": "#0"},
				"down": {"uv": [5.5, 2, 4, 2.5], "texture": "#0"}
			}
		},
		{
			"from": [-3, 0, 7],
			"to": [3, 1, 8.5],
			"rotation": {"angle": -45, "axis": "x", "origin": [0, 0, 7]},
			"faces": {
				"north": {"uv": [5.25, 4, 6.75, 4.25], "texture": "#0"},
				"east": {"uv": [5.5, 2.75, 6, 3], "texture": "#0"},
				"south": {"uv": [5.25, 4.25, 6.75, 4.5], "texture": "#0"},
				"west": {"uv": [3, 5.5, 3.5, 5.75], "texture": "#0"},
				"up": {"uv": [5.5, 3, 4, 2.5], "texture": "#0"},
				"down": {"uv": [5.5, 3, 4, 3.5], "texture": "#0"}
			}
		},
		{
			"from": [3.25, 1, -8.25],
			"to": [4.25, 2, 8.25],
			"rotation": {"angle": 0, "axis": "y", "origin": [-8, 0, -5]},
			"faces": {
				"north": {"uv": [5.5, 3, 5.75, 3.25], "texture": "#0"},
				"east": {"uv": [1, 3.5, 5.25, 3.75], "texture": "#0"},
				"south": {"uv": [5.5, 3.25, 5.75, 3.5], "texture": "#0"},
				"west": {"uv": [1, 3.75, 5.25, 4], "texture": "#0"},
				"up": {"uv": [1.25, 8.25, 1, 4], "texture": "#0"},
				"down": {"uv": [1.5, 4, 1.25, 8.25], "texture": "#0"}
			}
		},
		{
			"from": [-4.25, 1, -8.25],
			"to": [-3.25, 2, 8.25],
			"rotation": {"angle": 0, "axis": "y", "origin": [-8, 0, -5]},
			"faces": {
				"north": {"uv": [3.5, 5.5, 3.75, 5.75], "texture": "#0"},
				"east": {"uv": [4, 0, 8.25, 0.25], "texture": "#0"},
				"south": {"uv": [3.75, 5.5, 4, 5.75], "texture": "#0"},
				"west": {"uv": [4, 0.25, 8.25, 0.5], "texture": "#0"},
				"up": {"uv": [1.75, 8.25, 1.5, 4], "texture": "#0"},
				"down": {"uv": [2, 4, 1.75, 8.25], "texture": "#0"}
			}
		},
		{
			"from": [-3.25, 1, -8.25],
			"to": [3.25, 2, -7.25],
			"rotation": {"angle": 0, "axis": "y", "origin": [-8, 0, -5]},
			"faces": {
				"north": {"uv": [3.5, 4, 5.25, 4.25], "texture": "#0"},
				"east": {"uv": [4, 5.5, 4.25, 5.75], "texture": "#0"},
				"south": {"uv": [3.5, 4.25, 5.25, 4.5], "texture": "#0"},
				"west": {"uv": [4.25, 5.5, 4.5, 5.75], "texture": "#0"},
				"up": {"uv": [3.75, 4.75, 2, 4.5], "texture": "#0"},
				"down": {"uv": [5.5, 4.5, 3.75, 4.75], "texture": "#0"}
			}
		},
		{
			"from": [-3.25, 1, 7.25],
			"to": [3.25, 2, 8.25],
			"rotation": {"angle": 0, "axis": "y", "origin": [-8, 0, -5]},
			"faces": {
				"north": {"uv": [2, 4.75, 3.75, 5], "texture": "#0"},
				"east": {"uv": [4.5, 5.5, 4.75, 5.75], "texture": "#0"},
				"south": {"uv": [3.75, 4.75, 5.5, 5], "texture": "#0"},
				"west": {"uv": [5.5, 4.5, 5.75, 4.75], "texture": "#0"},
				"up": {"uv": [3.75, 5.25, 2, 5], "texture": "#0"},
				"down": {"uv": [5.5, 5, 3.75, 5.25], "texture": "#0"}
			}
		}
	]
}