{
	"credit": "Made with Blockbench",
	"texture_size": [32, 32],
	"textures": {
		"2": "everyxhotpot:block/hotpot_part_2",
		"3": "everyxhotpot:block/hotpot_part_3",
		"particle": "block/water_still"
	},
	"elements": [
		{
			"name": "corner_2_wn",
			"from": [0, 11, 0],
			"to": [1, 18, 1],
			"faces": {
				"north": {"uv": [7.25, 1.75, 7.5, 3.5], "texture": "#2"},
				"east": {"uv": [1.75, 7.5, 2, 9.25], "texture": "#2"},
				"south": {"uv": [3.75, 3.5, 4, 5.25], "texture": "#2"},
				"west": {"uv": [7.5, 1.75, 7.75, 3.5], "texture": "#2"},
				"up": {"uv": [4.75, 7.25, 4.5, 7], "texture": "#2"},
				"down": {"uv": [5, 7, 4.75, 7.25], "texture": "#2"}
			}
		},
		{
			"name": "corner_wn",
			"from": [-0.5, 17.8, -0.5],
			"to": [0, 18.3, 0],
			"faces": {
				"north": {"uv": [8, 0, 8.25, 0.25], "texture": "#3"},
				"east": {"uv": [2, 6, 2.25, 6.25], "texture": "#3"},
				"south": {"uv": [0, 0.5, 0.25, 0.75], "texture": "#3"},
				"west": {"uv": [2.5, 6, 2.75, 6.25], "texture": "#3"},
				"up": {"uv": [8.25, 1.25, 8, 1], "texture": "#3"},
				"down": {"uv": [0.25, 1.5, 0, 1.75], "texture": "#3"}
			}
		}
	],
	"display": {
		"thirdperson_righthand": {
			"rotation": [75, 45, 0],
			"translation": [0, 2.5, 0],
			"scale": [0.375, 0.375, 0.375]
		},
		"thirdperson_lefthand": {
			"rotation": [75, 45, 0],
			"translation": [0, 2.5, 0],
			"scale": [0.375, 0.375, 0.375]
		},
		"firstperson_righthand": {
			"rotation": [0, 45, 0],
			"scale": [0.4, 0.4, 0.4]
		},
		"firstperson_lefthand": {
			"rotation": [0, 225, 0],
			"scale": [0.4, 0.4, 0.4]
		},
		"ground": {
			"translation": [0, -1, 0],
			"scale": [0.25, 0.25, 0.25]
		},
		"gui": {
			"rotation": [30, 225, 0],
			"translation": [0, -4, 0],
			"scale": [0.625, 0.625, 0.625]
		},
		"head": {
			"translation": [0, 6, 0]
		},
		"fixed": {
			"translation": [0, -4, 0],
			"scale": [0.5, 0.5, 0.5]
		}
	},
	"groups": [
		{
			"name": "hotpot_part_2",
			"origin": [0, 0, 0],
			"color": 0,
			"children": [0]
		},
		{
			"name": "hotpot_part_3",
			"origin": [0, 0, 0],
			"color": 0,
			"children": [1]
		}
	]
}