{
	"credit": "Made with Blockbench",
	"render_type": "minecraft:cutout",
	"texture_size": [32, 32],
	"textures": {
		"1": "everyxhotpot:block/hotpot_part_1",
		"2": "everyxhotpot:block/hotpot_part_2",
		"3": "everyxhotpot:block/hotpot_part_3",
		"8": "block/campfire_fire",
		"particle": "block/water_still"
	},
	"elements": [
		{
			"name": "original_part_1_s",
			"from": [1, 9, 15],
			"to": [15, 11, 16],
			"faces": {
				"north": {"uv": [0, 4, 7, 5], "texture": "#1"},
				"east": {"uv": [8, 2, 8.5, 3], "texture": "#1"},
				"south": {"uv": [0, 5, 7, 6], "texture": "#1"},
				"west": {"uv": [2.5, 8, 3, 9], "texture": "#1"},
				"up": {"uv": [14.5, 1.5, 7.5, 1], "texture": "#1"},
				"down": {"uv": [14.5, 1.5, 7.5, 2], "texture": "#1"}
			}
		},
		{
			"name": "original_part_2_s",
			"from": [1, 11, 15],
			"to": [15, 18, 16],
			"faces": {
				"north": {"uv": [0.25, 5.25, 3.75, 7], "texture": "#2"},
				"east": {"uv": [2, 7.5, 2.25, 9.25], "texture": "#2"},
				"south": {"uv": [3.75, 5.25, 7.25, 7], "texture": "#2"},
				"west": {"uv": [2.25, 7.5, 2.5, 9.25], "texture": "#2"},
				"up": {"uv": [4.75, 7.5, 1.25, 7.25], "texture": "#2"},
				"down": {"uv": [8.25, 7.25, 4.75, 7.5], "texture": "#2"}
			}
		},
		{
			"name": "original_edge_s",
			"from": [0, 17.8, 16],
			"to": [16, 18.3, 16.5],
			"faces": {
				"north": {"uv": [0.25, 2, 8.25, 2.25], "texture": "#3"},
				"east": {"uv": [3, 6, 3.25, 6.25], "texture": "#3"},
				"south": {"uv": [0, 2.5, 8, 2.75], "texture": "#3"},
				"west": {"uv": [3.5, 6, 3.75, 6.25], "texture": "#3"},
				"up": {"uv": [8.25, 3.25, 0.25, 3], "texture": "#3"},
				"down": {"uv": [8.25, 3.5, 0.25, 3.75], "texture": "#3"}
			}
		},
		{
			"from": [0, 7.8, 17.5],
			"to": [16, 15.8, 17.5],
			"rotation": {"angle": 22.5, "axis": "x", "origin": [8, 12, 16]},
			"faces": {
				"north": {"uv": [0, 0, 16, 8], "texture": "#8"},
				"east": {"uv": [0, 0, 4, 0], "rotation": 90, "texture": "#missing"},
				"south": {"uv": [0, 0, 16, 8], "texture": "#8"},
				"west": {"uv": [0, 0, 4, 0], "rotation": 270, "texture": "#missing"},
				"up": {"uv": [0, 0, 4, 0], "texture": "#missing"},
				"down": {"uv": [0, 0, 4, 0], "rotation": 180, "texture": "#missing"}
			}
		}
	],
	"display": {
		"thirdperson_righthand": {
			"rotation": [75, 45, 0],
			"translation": [0, 2.5, 0],
			"scale": [0.375, 0.375, 0.375]
		},
		"thirdperson_lefthand": {
			"rotation": [75, 45, 0],
			"translation": [0, 2.5, 0],
			"scale": [0.375, 0.375, 0.375]
		},
		"firstperson_righthand": {
			"rotation": [0, 45, 0],
			"scale": [0.4, 0.4, 0.4]
		},
		"firstperson_lefthand": {
			"rotation": [0, 225, 0],
			"scale": [0.4, 0.4, 0.4]
		},
		"ground": {
			"translation": [0, -1, 0],
			"scale": [0.25, 0.25, 0.25]
		},
		"gui": {
			"rotation": [30, 225, 0],
			"translation": [0, -4, 0],
			"scale": [0.625, 0.625, 0.625]
		},
		"head": {
			"translation": [0, 6, 0]
		},
		"fixed": {
			"translation": [0, -4, 0],
			"scale": [0.5, 0.5, 0.5]
		}
	},
	"groups": [
		{
			"name": "hotpot_part_1",
			"origin": [0, 0, 0],
			"color": 0,
			"children": [0]
		},
		{
			"name": "hotpot_part_2",
			"origin": [0, 0, 0],
			"color": 0,
			"children": [1]
		},
		{
			"name": "hotpot_part_3",
			"origin": [0, 0, 0],
			"color": 0,
			"children": [2]
		},
		{
			"name": "hotpot_part_6",
			"origin": [8, 8, 8],
			"color": 0,
			"children": [
				{
					"name": "hotpot_part_6_1",
					"origin": [0, 0, 0],
					"color": 0,
					"children": [
						{
							"name": "hotpot_part_6_1_2",
							"origin": [8, 12, 16],
							"color": 0,
							"children": [3]
						}
					]
				}
			]
		}
	]
}