{
  "multipart": [
    {
      "apply": {
        "model": "everyxhotpot:block/hotpot_base"
      }
    },
    {
      "apply": {
        "model": "everyxhotpot:block/hotpot_face_n"
      },
      "when": {
        "north": "false"
      }
    },
    {
      "apply": {
        "model": "everyxhotpot:block/hotpot_expand_a_n"
      },
      "when": {
        "north": "true"
      }
    },
    {
      "apply": {
        "model": "everyxhotpot:block/hotpot_expand_b_wn"
      },
      "when": {
        "north": "true",
        "west_north": "false"
      }
    },
    {
      "apply": {
        "model": "everyxhotpot:block/hotpot_expand_b_ne"
      },
      "when": {
        "north": "true",
        "north_east": "false"
      }
    },
    {
      "apply": {
        "model": "everyxhotpot:block/hotpot_face_s"
      },
      "when": {
        "south": "false"
      }
    },
    {
      "apply": {
        "model": "everyxhotpot:block/hotpot_expand_a_s"
      },
      "when": {
        "south": "true"
      }
    },
    {
      "apply": {
        "model": "everyxhotpot:block/hotpot_expand_b_es"
      },
      "when": {
        "south": "true",
        "east_south": "false"
      }
    },
    {
      "apply": {
        "model": "everyxhotpot:block/hotpot_expand_b_sw"
      },
      "when": {
        "south": "true",
        "south_west": "false"
      }
    },
    {
      "apply": {
        "model": "everyxhotpot:block/hotpot_face_e"
      },
      "when": {
        "east": "false"
      }
    },
    {
      "apply": {
        "model": "everyxhotpot:block/hotpot_expand_a_e"
      },
      "when": {
        "east": "true"
      }
    },
    {
      "apply": {
        "model": "everyxhotpot:block/hotpot_expand_b_ne"
      },
      "when": {
        "east": "true",
        "north_east": "false"
      }
    },
    {
      "apply": {
        "model": "everyxhotpot:block/hotpot_expand_b_es"
      },
      "when": {
        "east": "true",
        "east_south": "false"
      }
    },
    {
      "apply": {
        "model": "everyxhotpot:block/hotpot_face_w"
      },
      "when": {
        "west": "false"
      }
    },
    {
      "apply": {
        "model": "everyxhotpot:block/hotpot_expand_a_w"
      },
      "when": {
        "west": "true"
      }
    },
    {
      "apply": {
        "model": "everyxhotpot:block/hotpot_expand_b_sw"
      },
      "when": {
        "west": "true",
        "south_west": "false"
      }
    },
    {
      "apply": {
        "model": "everyxhotpot:block/hotpot_expand_b_wn"
      },
      "when": {
        "west": "true",
        "west_north": "false"
      }
    },
    {
      "apply": {
        "model": "everyxhotpot:block/hotpot_corner_wn"
      },
      "when": {
        "west_north": "false"
      }
    },
    {
      "apply": {
        "model": "everyxhotpot:block/hotpot_corner_ne"
      },
      "when": {
        "north_east": "false"
      }
    },
    {
      "apply": {
        "model": "everyxhotpot:block/hotpot_corner_es"
      },
      "when": {
        "east_south": "false"
      }
    },
    {
      "apply": {
        "model": "everyxhotpot:block/hotpot_corner_sw"
      },
      "when": {
        "south_west": "false"
      }
    },
    {
      "apply": {
        "model": "everyxhotpot:block/hotpot_expand_c_wn"
      },
      "when": {
        "west_north": "true"
      }
    },
    {
      "apply": {
        "model": "everyxhotpot:block/hotpot_expand_c_ne"
      },
      "when": {
        "north_east": "true"
      }
    },
    {
      "apply": {
        "model": "everyxhotpot:block/hotpot_expand_c_es"
      },
      "when": {
        "east_south": "true"
      }
    },
    {
      "apply": {
        "model": "everyxhotpot:block/hotpot_expand_c_sw"
      },
      "when": {
        "south_west": "true"
      }
    },
    {
      "apply": {
        "model": "everyxhotpot:block/hotpot_separator_n"
      },
      "when": {
        "separator_north": "true"
      }
    },
    {
      "apply": {
        "model": "everyxhotpot:block/hotpot_separator_s"
      },
      "when": {
        "separator_south": "true"
      }
    },
    {
      "apply": {
        "model": "everyxhotpot:block/hotpot_separator_e"
      },
      "when": {
        "separator_east": "true"
      }
    },
    {
      "apply": {
        "model": "everyxhotpot:block/hotpot_separator_w"
      },
      "when": {
        "separator_west": "true"
      }
    },
    {
      "apply": {
        "model": "everyxhotpot:block/hotpot_separator_corner_wn"
      },
      "when": {
        "separator_west": "true",
        "north": "true"
      }
    },
    {
      "apply": {
        "model": "everyxhotpot:block/hotpot_separator_corner_wn"
      },
      "when": {
        "separator_north": "true",
        "west": "true"
      }
    },
    {
      "apply": {
        "model": "everyxhotpot:block/hotpot_separator_corner_ne"
      },
      "when": {
        "separator_north": "true",
        "east": "true"
      }
    },
    {
      "apply": {
        "model": "everyxhotpot:block/hotpot_separator_corner_ne"
      },
      "when": {
        "separator_east": "true",
        "north": "true"
      }
    },
    {
      "apply": {
        "model": "everyxhotpot:block/hotpot_separator_corner_es"
      },
      "when": {
        "separator_east": "true",
        "south": "true"
      }
    },
    {
      "apply": {
        "model": "everyxhotpot:block/hotpot_separator_corner_es"
      },
      "when": {
        "separator_south": "true",
        "east": "true"
      }
    },
    {
      "apply": {
        "model": "everyxhotpot:block/hotpot_separator_corner_sw"
      },
      "when": {
        "separator_south": "true",
        "west": "true"
      }
    },
    {
      "apply": {
        "model": "everyxhotpot:block/hotpot_separator_corner_sw"
      },
      "when": {
        "separator_west": "true",
        "south": "true"
      }
    },
    {
      "apply": {
        "model": "minecraft:block/campfire_off"
      }
    }
  ]
}