{
  "type": "everyxhotpot:hotpot_soup_ingredient_recipe",
  "conditions": [
    {
      "type": "forge:mod_loaded",
      "modid": "sinofeast"
    }
  ],
  "source_soup": "clear_soup",
  "result_soup": "spicy_soup",
  "ingredients": [
    {
      "amount": 6,
      "condition": {
        "type": "item",
        "predicate": {
          "tag": "sinofeast:tastes/primary/spicy"
        }
      },
      "action": {
        "type": "consume"
      }
    },
    {
      "amount": 2,
      "condition": {
        "type": "item",
        "predicate": {
          "tag": "sinofeast:tastes/primary/acrid"
        }
      },
      "action": {
        "type": "consume"
      }
    }
  ]
}