{
  "type": "everyxhotpot:hotpot_soup_ingredient_recipe",
  "source_soup": "clear_soup",
  "result_soup": "tomato_soup",
  "ingredients": [
    {
      "amount": 4,
      "condition": {
        "type": "item",
        "predicate": {
          "tag": "forge:crops/tomato"
        }
      },
      "action": {
        "type": "consume"
      }
    },
    {
      "amount": 2,
      "condition": {
        "type": "item",
        "predicate": {
          "tag": "forge:crops/onion"
        }
      },
      "action": {
        "type": "consume"
      }
    }
  ]
}