{
  "type": "everyxhotpot:hotpot_soup_ingredient_recipe",
  "source_soup": "clear_soup",
  "result_soup": "spicy_soup",
  "conditions": [
    {
      "type": "forge:not",
      "value": {
        "type": "forge:mod_loaded",
        "modid": "sinofeast"
      }
    }
  ],
  "ingredients": [
    {
      "amount": 3,
      "condition": {
        "type": "item",
        "predicate": {
          "item": "minecraft:redstone"
        }
      },
      "action": {
        "type": "consume"
      }
    },
    {
      "amount": 3,
      "condition": {
        "type": "item",
        "predicate": {
          "item": "minecraft:blaze_powder"
        }
      },
      "action": {
        "type": "consume"
      }
    },
    {
      "amount": 2,
      "condition": {
        "type": "item",
        "predicate": {
          "item": "minecraft:gunpowder"
        }
      },
      "action": {
        "type": "consume"
      }
    }
  ]
}