{
  "soup_model_resource_location": "everyxhotpot:soup/hotpot_spicy_soup",
  "custom_elements_renderers": [
    {
      "type": "everyxhotpot:floating_element_renderer",
      "element1_resource_location": "everyxhotpot:soup/hotpot_spicy_soup_floating_pepper_1",
      "element2_resource_location": "everyxhotpot:soup/hotpot_spicy_soup_floating_pepper_2"
    },
    {
      "type": "everyxhotpot:bubble_renderer",
      "spread": 0.21,
      "max_scale": 0.8,
      "amount": 35,
      "bubble_model_location": "everyxhotpot:soup/hotpot_spicy_soup_bubble_large"
    },
    {
      "type": "everyxhotpot:bubble_renderer",
      "spread": 0.35,
      "max_scale": 0.55,
      "amount": 45,
      "bubble_model_location": "everyxhotpot:soup/hotpot_spicy_soup_bubble_small"
    }
  ]
}