{
  "soup_model_resource_location": "everyxhotpot:soup/hotpot_tomato_soup",
  "custom_elements_renderers": [
    {
      "type": "everyxhotpot:floating_element_renderer",
      "element1_resource_location": "everyxhotpot:soup/hotpot_tomato_soup_floating_tomato_1",
      "element2_resource_location": "everyxhotpot:soup/hotpot_tomato_soup_floating_tomato_2"
    },
    {
      "type": "everyxhotpot:bubble_renderer",
      "spread": 0.3,
      "max_scale": 0.85,
      "amount": 50,
      "bubble_model_location": "everyxhotpot:soup/hotpot_tomato_soup_bubble"
    }
  ]
}