{
  "parent": "minecraft:recipes/root",
  "criteria": {
    "has_hotpot_ingredients": {
      "conditions": {
        "items": [
          {
            "items": [
              "minecraft:quartz"
            ]
          }
        ]
      },
      "trigger": "minecraft:inventory_changed"
    },
    "has_the_recipe": {
      "conditions": {
        "recipe": "everyxhotpot:hotpot_long_plate"
      },
      "trigger": "minecraft:recipe_unlocked"
    }
  },
  "requirements": [
    [
      "has_hotpot_ingredients",
      "has_the_recipe"
    ]
  ],
  "rewards": {
    "recipes": [
      "everyxhotpot:hotpot_long_plate"
    ]
  },
  "sends_telemetry_event": false
}